{
  "GET Posts" : {
    "transaction" : "GET Posts",
    "sampleCount" : 300,
    "errorCount" : 0,
    "errorPct" : 0.0,
    "meanResTime" : 21.58,
    "medianResTime" : 12.0,
    "minResTime" : 8.0,
    "maxResTime" : 385.0,
    "pct1ResTime" : 32.0,
    "pct2ResTime" : 36.0,
    "pct3ResTime" : 325.0200000000009,
    "throughput" : 27.992908463189323,
    "receivedKBytesPerSec" : 785.9063724689745,
    "sentKBytesPerSec" : 3.717808155267332
  },
  "PATCH Post" : {
    "transaction" : "PATCH Post",
    "sampleCount" : 300,
    "errorCount" : 0,
    "errorPct" : 0.0,
    "meanResTime" : 113.40666666666672,
    "medianResTime" : 113.0,
    "minResTime" : 109.0,
    "maxResTime" : 148.0,
    "pct1ResTime" : 116.0,
    "pct2ResTime" : 118.0,
    "pct3ResTime" : 140.9000000000001,
    "throughput" : 30.14166582939817,
    "receivedKBytesPerSec" : 43.883694771676886,
    "sentKBytesPerSec" : 6.564054179644328
  },
  "POST Posts" : {
    "transaction" : "POST Posts",
    "sampleCount" : 300,
    "errorCount" : 0,
    "errorPct" : 0.0,
    "meanResTime" : 119.67333333333328,
    "medianResTime" : 113.0,
    "minResTime" : 109.0,
    "maxResTime" : 384.0,
    "pct1ResTime" : 117.0,
    "pct2ResTime" : 119.94999999999999,
    "pct3ResTime" : 367.0,
    "throughput" : 28.7328799923379,
    "receivedKBytesPerSec" : 37.56459286107652,
    "sentKBytesPerSec" : 6.173079685853845
  },
  "Total" : {
    "transaction" : "Total",
    "sampleCount" : 1500,
    "errorCount" : 0,
    "errorPct" : 0.0,
    "meanResTime" : 100.52866666666662,
    "medianResTime" : 112.0,
    "minResTime" : 8.0,
    "maxResTime" : 393.0,
    "pct1ResTime" : 125.0,
    "pct2ResTime" : 128.0,
    "pct3ResTime" : 339.99,
    "throughput" : 134.1441602575568,
    "receivedKBytesPerSec" : 890.3868417154802,
    "sentKBytesPerSec" : 26.828832051511355
  },
  "DELETE Post" : {
    "transaction" : "DELETE Post",
    "sampleCount" : 300,
    "errorCount" : 0,
    "errorPct" : 0.0,
    "meanResTime" : 113.32333333333334,
    "medianResTime" : 112.0,
    "minResTime" : 110.0,
    "maxResTime" : 155.0,
    "pct1ResTime" : 115.0,
    "pct2ResTime" : 117.0,
    "pct3ResTime" : 141.97000000000003,
    "throughput" : 30.14469453376206,
    "receivedKBytesPerSec" : 35.235634954029344,
    "sentKBytesPerSec" : 6.59415192926045
  },
  "PUT Post" : {
    "transaction" : "PUT Post",
    "sampleCount" : 300,
    "errorCount" : 0,
    "errorPct" : 0.0,
    "meanResTime" : 134.66000000000008,
    "medianResTime" : 124.0,
    "minResTime" : 112.0,
    "maxResTime" : 393.0,
    "pct1ResTime" : 130.0,
    "pct2ResTime" : 172.4999999999999,
    "pct3ResTime" : 375.99,
    "throughput" : 29.365700861393893,
    "receivedKBytesPerSec" : 34.660894980912296,
    "sentKBytesPerSec" : 6.337714736687549
  }
}